{
  "version": 1,
  "author": "Anonymous maker",
  "editor": "wokwi",
  "parts": [
    { "type": "board-esp32-devkit-c-v4", "id": "esp", "top": 0, "left": 0, "attrs": {} },
    {
      "type": "wokwi-led",
      "id": "led1",
      "top": -22.8,
      "left": 282.2,
      "attrs": { "color": "limegreen" }
    },
    {
      "type": "wokwi-led",
      "id": "led2",
      "top": -22.8,
      "left": 205.4,
      "attrs": { "color": "yellow" }
    },
    {
      "type": "wokwi-led",
      "id": "led3",
      "top": -22.8,
      "left": 128.6,
      "attrs": { "color": "red" }
    },
    {
      "type": "wokwi-resistor",
      "id": "r1",
      "top": 72,
      "left": 124.25,
      "rotate": 90,
      "attrs": { "value": "330000" }
    },
    {
      "type": "wokwi-resistor",
      "id": "r2",
      "top": 72,
      "left": 201.05,
      "rotate": 90,
      "attrs": { "value": "330000" }
    },
    {
      "type": "wokwi-resistor",
      "id": "r3",
      "top": 72,
      "left": 277.85,
      "rotate": 90,
      "attrs": { "value": "330000" }
    }
  ],
  "connections": [
    [ "esp:TX", "$serialMonitor:RX", "", [] ],
    [ "esp:RX", "$serialMonitor:TX", "", [] ],
    [ "led3:A", "r1:1", "green", [ "v0" ] ],
    [ "r1:2", "esp:16", "green", [ "h0", "v27.6" ] ],
    [ "r2:2", "esp:4", "green", [ "h0", "v37.2" ] ],
    [ "r3:2", "esp:0", "green", [ "h0", "v46.8" ] ],
    [ "led3:C", "esp:GND.3", "green", [ "v0" ] ],
    [ "led2:A", "r2:1", "green", [ "v0" ] ],
    [ "led2:C", "esp:GND.3", "green", [ "v0" ] ],
    [ "led1:C", "esp:GND.3", "green", [ "v0" ] ],
    [ "led1:A", "r3:1", "green", [ "v0" ] ]
  ],
  "dependencies": {}
}