{
    "version": 1,
    "author": "Anonymous maker",
    "editor": "wokwi",
    "parts": [
      { "type": "board-esp32-devkit-c-v4", "id": "esp", "top": 0, "left": 0, "attrs": {} },
      {
        "type": "wokwi-led",
        "id": "led1",
        "top": 34.8,
        "left": -130.6,
        "attrs": { "color": "green" }
      },
      {
        "type": "wokwi-led",
        "id": "led2",
        "top": -13.2,
        "left": -73,
        "attrs": { "color": "yellow" }
      }
    ],
    "connections": [
      [ "esp:TX", "$serialMonitor:RX", "", [] ],
      [ "esp:RX", "$serialMonitor:TX", "", [] ],
      [ "led2:A", "esp:33", "green", [ "v0" ] ],
      [ "led2:C", "esp:GND.1", "green", [ "v0" ] ],
      [ "led1:A", "esp:25", "green", [ "v0" ] ],
      [ "led1:C", "esp:GND.1", "green", [ "v0" ] ]
    ],
    "dependencies": {}
  }