{
    "version": 1,
    "author": "Anonymous maker",
    "editor": "wokwi",
    "parts": [
      { "type": "board-esp32-devkit-c-v4", "id": "esp", "top": 28.8, "left": -110.36, "attrs": {} },
      { "type": "wokwi-relay-module", "id": "relay1", "top": -9.4, "left": 96, "attrs": {} },
      {
        "type": "wokwi-pushbutton",
        "id": "btn1",
        "top": 111.8,
        "left": 153.6,
        "attrs": { "color": "green", "xray": "1" }
      },
      { "type": "wokwi-led", "id": "led1", "top": -70.8, "left": 51.8, "attrs": { "color": "red" } }
    ],
    "connections": [
      [ "esp:TX", "$serialMonitor:RX", "", [] ],
      [ "esp:RX", "$serialMonitor:TX", "", [] ],
      [ "relay1:VCC", "esp:3V3", "red", [ "h0" ] ],
      [ "relay1:GND", "esp:GND.2", "black", [ "h0" ] ],
      [ "relay1:IN", "esp:23", "green", [ "h-76.8", "v38.2" ] ],
      [ "btn1:1.l", "esp:19", "green", [ "h0" ] ],
      [ "btn1:2.l", "esp:GND.2", "green", [ "h-9.6", "v-86.2" ] ],
      [ "led1:C", "esp:GND.2", "green", [ "v9.6", "h-18.8", "v-163.2" ] ],
      [ "led1:A", "esp:18", "green", [ "v9.6", "h19.2", "v-86.4" ] ]
    ],
    "dependencies": {}
  }