{
    "version": 1,
    "author": "Anonymous maker",
    "editor": "wokwi",
    "parts": [
      { "type": "board-esp32-devkit-c-v4", "id": "esp", "top": 48, "left": -91.16, "attrs": {} },
      { "type": "wokwi-hc-sr04", "id": "ultrasonic1", "top": -65.7, "left": 43.9, "attrs": {} }
    ],
    "connections": [
      [ "esp:TX", "$serialMonitor:RX", "", [] ],
      [ "esp:RX", "$serialMonitor:TX", "", [] ],
      [ "ultrasonic1:VCC", "esp:3V3", "red", [ "v9.6", "h-201.6" ] ],
      [ "ultrasonic1:TRIG", "esp:5", "green", [ "v0" ] ],
      [ "ultrasonic1:ECHO", "esp:18", "green", [ "v0" ] ],
      [ "ultrasonic1:GND", "esp:GND.3", "black", [ "v0" ] ]
    ],
    "dependencies": {}
  }